,Distances,Flight_time,Total_Staff_Pay
0,72.27 ,2.1117145073700545,1389.5081458494958
